,relativity,se_log,relativity_se,p
Intercept,0.038977045682620864,0.01601397754146853,0.0006241775341942834,0.0
fleet[T.1],1.1755547515257483,0.010970853573613045,0.01289683904675405,3.427257703542947e-49
auth_bucket[T.1-3y],0.6620700026713704,0.015464543110531026,0.010238610098500798,1.1545708464688365e-156
auth_bucket[T.<1y],0.4106971527378974,0.04004131206692232,0.01644485285777461,1.9897113348748414e-109
state[T.AB],0.5334061630715059,0.11815879646969965,0.06302663025804948,1.0440964834811555e-07
state[T.AG],1.627774269266276e-11,69589.07171524968,1.1327530036020901e-06,0.9997151790226386
state[T.AK],0.14308169713248092,0.5155295700729732,0.07376284580801924,0.0001622442678441592
state[T.AL],0.9559547205429643,0.04988797048003761,0.04769064087870001,0.36656958720277233
state[T.AR],0.9884063822056124,0.062476253917062116,0.061751928107922585,0.8519331160827434
state[T.AZ],0.7871262890972429,0.04739789249200779,0.03730812722826417,4.414580221288124e-07
state[T.BC],0.523183549905823,0.12534072806768307,0.06557620705823086,2.359866577660009e-07
state[T.BN],0.11344787801736732,0.37357113946379367,0.04238085306069738,5.678407321792849e-09
state[T.BS],1.8275653606470823e-11,134197.68837480881,2.452550467527122e-06,0.9998529925812057
state[T.CH],0.04621820252406064,0.7309442101789559,0.03378292753984053,2.5988271666485693e-05
state[T.CI],0.0897886721336473,0.28122697787269424,0.02525099691134783,1.0290744878712662e-17
state[T.CL],9.241875298612083e-12,147604.9595497185,1.3641466296151791e-06,0.9998626599441459
state[T.CO],0.7762584988111015,0.05054427244279129,0.039235421049940496,5.419053457183024e-07
state[T.CS],8.008049838786388e-12,361879.2267849398,2.89794688371528e-06,0.9999436651598961
state[T.CT],0.766459331584289,0.06372055730118778,0.04883921575724677,2.9921456789618877e-05
state[T.DC],0.13206637338428703,0.7409821605831016,0.09785882669066363,0.006292860988833574
state[T.DE],1.0124827041798916,0.08885744245384766,0.08996662362218079,0.8889676943562145
state[T.DF],1.5103990420727205e-11,64762.57615412765,9.781733298535601e-07,0.9996930304199085
state[T.DG],1.3600014979706758e-11,124567.69259041712,1.6941224852171794e-06,0.9998397350923891
state[T.FL],1.1369744456650817,0.02678778572534049,0.030457027825663993,1.6501415017086623e-06
state[T.GA],1.0647387208378134,0.029186314295718788,0.03107579894919401,0.03161255043934613
state[T.GE],0.48986492656481545,1.2424368567148762,0.608626239576053,0.5657135676261821
state[T.GJ],0.03422513392431978,1.0126932627942777,0.03465956254339052,0.0008607109034713144
state[T.GU],8.875137611025912e-12,361880.2625697426,3.2117371290206553e-06,0.9999438919921886
state[T.HD],1.1940576550323479e-11,119051.53376571086,1.421543952362891e-06,0.9998314372220529
state[T.HI],0.47585992356019624,0.5737499754532713,0.2730246194618582,0.19554547637223973
state[T.HN],2.043640686208748e-11,361879.4954881401,7.395516604842582e-06,0.999945730846976
state[T.IA],0.7519689622783794,0.04778801012945915,0.03593510038639808,2.444851974924285e-09
state[T.ID],0.64181790708815,0.06733818539160183,0.043218853215151724,4.5358239928422825e-11
state[T.IL],1.1661015415663827,0.02719021613472862,0.03170655295023018,1.5903112049207723e-08
state[T.IN],1.3510830837237722,0.033238720273041256,0.04490827268553244,1.3923058949704716e-19
state[T.JA],0.12407081861625588,0.7617742593439135,0.09451395595759136,0.0061527265998541115
state[T.KS],0.9110185748546596,0.05483672835892399,0.04995727811923903,0.08923540845367421
state[T.KY],0.8826953931272151,0.054414756112943066,0.04803165453903581,0.021845814648404502
state[T.LA],0.9473048943321686,0.06583678067528853,0.06236750456077436,0.4109347430608733
state[T.MA],0.8505021702874126,0.050672772118228564,0.043097302661032885,0.0013955564179869125
state[T.MB],0.27860681029323014,0.2663758382007169,0.0742141226202873,1.6061098901577178e-06
state[T.MC],1.4254312027110758e-11,41360.914338322094,5.895713787050425e-07,0.9995182326712101
state[T.MD],0.9610364896863066,0.03994221096324427,0.03838592221442618,0.3197313902322517
state[T.ME],0.8905432979536705,0.1069792464411186,0.09526965093827222,0.2785386916444482
state[T.MI],1.100430392506428,0.04154563014961773,0.04571807409247073,0.021249360756006856
state[T.MN],0.9966777969651996,0.03875731900889369,0.038628559326061615,0.9315770860048018
state[T.MO],1.079779731143838,0.040835511514880345,0.0440933576446586,0.06015379544951674
state[T.MR],3.178045064667135e-11,237713.57952468965,7.554644682127984e-06,0.9999188662209804
state[T.MS],0.9068576266497397,0.05500367554290836,0.049880502659854206,0.07548368084577443
state[T.MT],0.5051662218381885,0.09948408443176317,0.05025599906542515,6.691623417777413e-12
state[T.MX],0.21442398284552622,0.5512544436408674,0.11820217336676946,0.0052178852747283835
state[T.NB],0.6132477203331756,0.307512961252666,0.18858162246110158,0.11180497136452992
state[T.NC],1.088918240121193,0.030985975280230355,0.03374119367058723,0.00597519819692861
state[T.ND],0.5875501699564087,0.08838583620247406,0.051931113082502936,1.779764479916003e-09
state[T.NE],0.7126698331217516,0.0568812356249544,0.04053754070059529,2.598126605202142e-09
state[T.NH],0.5620395689009042,0.11760368189700814,0.06609792267455353,9.614829488497056e-07
state[T.NJ],1.281483575284072,0.03085314642405251,0.03953780038825779,9.081429750053284e-16
state[T.NL],0.03603264975732619,0.5105800705301299,0.018397552854483072,7.568810259364218e-11
state[T.NM],0.5185321363304342,0.08087729791412267,0.041937478068042995,4.647792417779357e-16
state[T.NS],0.2453565675056703,0.5213909478176095,0.12792669328505674,0.007043153159709167
state[T.NT],2.043628441724114e-11,361880.57571460184,7.39549437037857e-06,0.9999457309957611
state[T.NV],0.8488279388092943,0.06360412164352906,0.0539889554744524,0.009970295962707421
state[T.NY],0.7301181063077817,0.04546066315969188,0.03319165329765018,4.543741988794883e-12
state[T.OH],1.1696035097398352,0.029469510700883685,0.03446764314606919,1.0597647592419528e-07
state[T.OK],1.0163949759747444,0.05329709433973929,0.054170898920962995,0.7602744725202257
state[T.ON],0.4032403060707926,0.08080456012379118,0.03258365555623332,2.601344416980908e-29
state[T.OR],0.7552408787789945,0.05648142372190465,0.04265708008642001,6.691708490092754e-07
state[T.PA],1.078517116960443,0.029007043827196936,0.03128459328005365,0.009165532546885005
state[T.PE],0.24564886730030674,1.2059805186994181,0.2962477484047485,0.2443934983293874
state[T.PR],2.2451621912939224e-11,67998.62793540827,1.5266794850044134e-06,0.9997122904251029
state[T.PU],2.181786323754645e-11,63967.60568744959,1.3956364725220738e-06,0.9996938027843443
state[T.QC],0.44525560188511293,0.12263481201401813,0.05460383703536932,4.1760637551766083e-11
state[T.QE],1.4387563701875167e-11,61680.68976822485,8.874348532159349e-07,0.9996770640236243
state[T.RI],0.6715285005572467,0.11711454624967803,0.0786457556364886,0.0006736615212492628
state[T.SC],0.923876631810166,0.04510336070557165,0.04166994097198253,0.0791822255546845
state[T.SD],0.5600056363138292,0.08719749598041347,0.048831089221484006,2.943498166320913e-11
state[T.SI],1.390683333628659e-11,59109.58737976755,8.220271802670965e-07,0.9996625584813444
state[T.SK],0.4042366589509842,0.2988169477213334,0.12079276458480272,0.0024363554873941488
state[T.SL],1.609818090180536e-11,65814.97888619234,1.0595014361584245e-06,0.9996987117799987
state[T.SO],0.05404453367796374,0.5926370775002726,0.03202879449377349,8.493787308609378e-07
state[T.SV],1.2012114087580022e-11,361880.2520855437,4.346946874093769e-06,0.9999445593084979
state[T.TA],0.11732489570760943,0.15541068789011372,0.01823354274855543,3.0083514943494393e-43
state[T.TB],1.593706428551791e-11,175437.03862984228,2.795951362704685e-06,0.999886926363129
state[T.TL],4.0696288665775155e-11,235392.77945062978,9.579612502361975e-06,0.9999189044976401
state[T.TN],0.9307590444188619,0.0423994691338589,0.03946368937489754,0.09057877727335266
state[T.TX],1.053078546886441,0.022708125363959282,0.023913439660793373,0.022756205255192827
state[T.UT],0.7293841638979143,0.06244125854543585,0.04554366515689622,4.335021239730737e-07
state[T.VA],1.115211454681242,0.03874001001691775,0.043203302925332726,0.004881288243152862
state[T.VC],1.429403705105069e-11,65062.7237921883,9.300089845278168e-07,0.9996937706222012
state[T.VI],2.2495890046010573e-11,207744.24656685616,4.673391728459306e-06,0.9999058347685241
state[T.VT],0.4504062399868672,0.16670217637472734,0.0750837004585685,1.7131736262345517e-06
state[T.WA],0.8388414701538216,0.03933757890210512,0.03299799251853381,7.920571613328397e-06
state[T.WI],0.7976834277972733,0.04898422953142755,0.03907390812063755,3.938205280708725e-06
state[T.WV],0.683366254138001,0.10145397125264408,0.06933022030234381,0.00017495391119830463
state[T.WY],0.5261895011799564,0.10843692967125272,0.05705837393320249,3.192942625202258e-09
state[T.YT],1.935284540687836e-11,127429.96531935834,2.4661324190294128e-06,0.9998455436983319
state[T.ZA],1.771274528884122e-11,197521.66761217432,3.4986509874416026e-06,0.9998999956908724
